A Left,B Left,A Right,B Right,Diff Left,Diff Right
75.67,81.36,133.97,126.92,5.6900024,-7.050003
75.67,81.36,133.97,126.92,5.6900024,-7.050003
76.44,81.68,134.44,126.6,5.239998,-7.840004
75.99,82.22,133.64,127.42,6.2300034,-6.220001
76.82,81.68,134.19,126.6,4.8600006,-7.590004
